Slope:	-50.68
Intercept:	499.4
R_value:	-0.07346564300392718
P_value:	0.8510085214987051